,L61,L62,L63,L71,L72,L73,mu31,mu32,mu33,MN,MPsi,Meta,l1,l2,y1,y2,MS1,MS2,MS3,mx1,mx2,mx3,U11,U12,U13,U21,U22,U23,U31,U32,U33,V11,V12,V13,V21,V22,V23,V31,V32,V33,L1,L2,L3,MK,h11,h21,h31,h12,h22,h32,h13,h23,h33,f11,f21,f31,f12,f22,f32,f13,f23,f33,mnu1,mnu2,mnu3,mv1,mv2,mv3
0,0.0001,0.0001,0.0001,0.0001,0.0001,0.0001,1010000.0,2010000.0,101000000.0,174.871593018004,675.3242742563506,1536.1832037622125,341932.40860963776,17372.780174771968,1.1743962922053013e-06,0.000556462542520074,1004.98907,1417.74576,10049.8758,174.8716,17369.5284,341936.683,1.0,-2.83387129e-07,1.08987248e-08,-1.22035541e-08,-0.004604813270000001,0.999989398,2.8333393800000003e-07,0.999989398,0.004604813270000001,1.0,-1.1648921e-08,-1.21923401e-10,1.16486233e-08,0.99999756,-0.00220893395,1.47654801e-10,0.00220893395,0.99999756,8.482874544340149e-06,8.471878300548881e-06,7.835517236167276e-06,1000000.0,0.10999038811506452,0.002128918969856663,0.11843799391142318,0.00011699310594319536,0.08238905872969632,0.00044435682040082873,0.00014271599070325632,0.0077761472909779845,0.0031991289464242518,0.0,5.505428372957285e-06,6.381642493523735e-06,0.0,4.583330083408272e-05,-5.9800361517752004e-05,0.0,-0.0004445003892644247,0.001232442708139391,1.0000000000000001e-20,8.75203022596807e-12,5.0477050440549434e-11,0.0,8.56763325e-12,4.73831381e-11
1,0.0001,0.0001,0.0001,0.0001,0.0001,0.0001,1010000.0,2010000.0,101000000.0,180.48741597224392,1750.6861998341903,352.0063114063694,19006.556980262623,212599.77642568,1.134109887323597e-06,8.064482465446457e-05,1004.98907,1417.74576,10049.8758,180.4874,19002.9623,212607.621,1.0,-7.38902643e-07,6.08383398e-09,-7.38927671e-07,-0.999964299,0.00844986499,1.6001079299999996e-10,0.00844986499,0.999964299,1.0,-9.12112625e-10,-6.932648209999999e-09,-6.930428959999999e-09,0.00241099824,-0.999997094,9.28824577e-10,0.999997094,0.00241099824,9.471044913890905e-07,9.393724288319021e-07,8.118803343799822e-07,1000000.0,0.00012901106926233033,0.0003006429510711295,0.07498268030864615,0.06636913737696906,0.2598118930543087,0.0003916018517920713,0.014705386856216971,0.006443896041700126,0.0016994065824395535,0.0,-8.233894975345001e-05,0.000508605720403988,0.0,1.0061729285938819e-05,0.00014220415104911345,0.0,0.00039545239549129414,-0.00016116692519605648,1.0000000000000001e-20,8.765270436191415e-12,4.997949711400038e-11,0.0,9.94495629e-12,5.5592236600000004e-11
2,0.0001,0.0001,0.0001,0.0001,0.0001,0.0001,1010000.0,2010000.0,101000000.0,138.2774975940274,694.5214508577162,803.819378360183,7170.85736799691,149262.66537244074,1.1797092280929849e-06,5.402788448021337e-06,1004.98907,1417.74576,10049.8758,138.2775,7166.92625,149266.669,1.0,-1.3129116e-07,6.096373879999999e-10,-1.3129257100000002e-07,-0.999987883,0.00492288,3.6700627200000007e-11,0.00492288,0.999987883,1.0,-1.3625578599999999e-09,-2.3997532899999997e-09,-2.39205568e-09,0.00562155593,-0.999984199,1.37602667e-09,0.999984199,0.00562155593,2.0009814590208031e-07,1.9695548747100927e-07,1.4799679116228805e-07,1000000.0,0.01971494827745646,0.0045718486909773004,0.00036767762038320017,0.001880877518098291,0.0863273211373028,0.0008150966246027043,0.0017801380220636234,0.022188601199460527,0.941054491134492,0.0,0.0012318258300830626,0.0016028888210313787,0.0,0.00020879885417870013,0.0018534551153106405,0.0,-3.839580493565759e-05,0.000256535097620749,1.0000000000000001e-20,8.500988860940666e-12,5.000427053080125e-11,0.0,9.25898971e-12,5.492049470000001e-11
3,0.0001,0.0001,0.0001,0.0001,0.0001,0.0001,1010000.0,2010000.0,101000000.0,119.84379754218772,1949.297495517268,356.4195773600625,1465.846334533908,5400.519403868128,3.8940194242202946e-05,0.00013718272027636247,1004.98907,1417.74576,10049.8758,119.8438,1244.1118,5804.592110000001,1.0,-1.7852705699999998e-05,6.419137139999999e-06,-1.89608132e-05,-0.9290328659999999,0.369997206,6.418618599999999e-07,0.369997206,0.929032867,1.0,-1.11439705e-06,2.23452808e-08,1.89787109e-07,0.150481624,-0.9886128059999999,1.0983446399999999e-06,0.9886128059999999,0.150481624,7.041189132902251e-05,6.46285332988826e-05,2.9598991533265087e-05,1000000.0,0.01727737035762381,0.2521785662144749,0.0009923910230162792,0.001898585569821491,0.0010999917663091594,0.007281288696512078,0.5525878742749446,0.00035524217037297113,0.18161083721636007,0.0,3.256329241731547e-07,1.5880742546963327e-06,0.0,-1.6148312040582845e-05,7.679752683089297e-05,0.0,3.8849649945451727e-07,-2.332488612733478e-07,1e-20,8.623973980766928e-12,4.913556515197116e-11,0.0,6.47169355e-12,3.98204951e-11
4,0.0001,0.0001,0.0001,0.0001,0.0001,0.0001,1010000.0,2010000.0,101000000.0,136.06350610026186,570.1365598006319,301.5429282626416,209977.0849615494,27116.614024189526,1.1022897263645038e-05,0.0008601300164498992,1004.98907,1417.74576,10049.8758,136.0635,27115.6473,209978.215,1.0,-7.13205042e-07,1.46406587e-08,-1.59365329e-08,-0.00181700678,0.9999983490000001,7.13177262e-07,0.9999983490000001,0.00181700678,1.0,-7.06968912e-08,-2.70192745e-10,7.06957866e-08,0.999995649,-0.00294986184,4.78737631e-10,0.00294986184,0.999995649,1.3518138296707062e-05,1.3539287480722665e-05,1.299234160116432e-05,1000000.0,0.00017470386140662082,0.000615130089312432,0.03982034117441677,0.00023027253018432584,0.018533824898342783,0.0043321976776248714,0.010348535779258728,0.0002894514320137596,0.00039656250342600936,0.0,-1.2673897177788366e-05,4.195958201347995e-05,0.0,1.5111519337509247e-05,0.0001486058406356485,0.0,3.8272851627592044e-05,4.794972618257152e-05,1e-20,8.617621512954293e-12,4.974806262267949e-11,0.0,7.43643274e-12,4.3537549499999996e-11
5,0.0001,0.0001,0.0001,0.0001,0.0001,0.0001,1010000.0,2010000.0,101000000.0,147.02408832956087,1483.1203826608523,844.6383382533397,187145.081983445,376334.7246223505,7.095784481745701e-06,2.429182607991282e-05,1004.98907,1417.74576,10049.8758,147.0241,187138.121,376342.041,1.0,-2.25994877e-08,8.77812058e-11,-2.25995674e-08,-0.999977433,0.00671811054,6.40466315e-11,0.00671811054,0.999977433,1.0,-3.28271645e-09,8.26093272e-12,2.6594866100000003e-11,0.00558502766,-0.9999844040000001,3.28261911e-09,0.9999844040000001,0.00558502766,2.8779435623176884e-07,2.877830708468748e-07,2.861975023372796e-07,1000000.0,0.00045443323201874777,0.002673879145856209,0.05938090941746424,0.0002746565561561695,0.023033656529989826,0.010774752262799165,0.08687281711824915,0.3088875847219168,0.009096820784663357,0.0,2.680120536222933e-05,0.0017223252122684,0.0,-0.002101000200864116,0.0015464884897663515,0.0,0.00020745861184393808,0.00027056542624019213,1e-20,8.662850105193742e-12,5.030219311484024e-11,0.0,6.85709476e-12,4.2266483200000005e-11
6,0.0001,0.0001,0.0001,0.0001,0.0001,0.0001,1010000.0,2010000.0,101000000.0,113.4492379671258,1200.546858208908,1309.837728049727,25160.831182547598,9682.119625365931,1.2744156781617848e-05,0.00033905995848199067,1004.98907,1417.74576,10049.8758,113.4492,9581.08087,25262.0405,1.0,-2.36128179e-06,2.901446e-07,-4.82484449e-07,-0.08186816870000001,0.996643167,2.32960175e-06,0.996643167,0.08186816870000001,1.0,-2.2578329800000005e-07,1.2630468e-10,2.2509219899999997e-07,0.996895057,-0.0787416359,1.76526337e-08,0.0787416359,0.996895057,6.09556175343429e-05,6.0264742945098316e-05,4.2427895358942416e-05,1000000.0,0.23771362143494554,0.09759508571663414,0.006543675140664622,0.6285209463582377,0.00017617832333634726,0.2398681721905171,0.0043407534015320335,0.0024847117875565245,0.0039833560845478075,0.0,1.0887092030172177e-06,-5.980516116192103e-08,0.0,-2.0475161931574167e-07,-1.3554285235126957e-06,0.0,-1.744733081983561e-05,0.0003237445135205559,1e-20,8.634577557938764e-12,4.925964716371514e-11,0.0,8.185354519999999e-12,4.16252069e-11
7,0.0001,0.0001,0.0001,0.0001,0.0001,0.0001,1010000.0,2010000.0,101000000.0,178.51632367239174,971.2222584863632,615.5350574441342,227680.5595586493,47856.506139049765,3.941921123019618e-06,0.00023093971363436695,1004.98907,1417.74576,10049.8758,178.5163,47853.1245,227684.215,1.0,-1.7660602899999996e-07,3.53068285e-09,-4.19582759e-09,-0.0037664047499999997,0.999992907,1.7659147799999996e-07,0.999992907,0.0037664047499999997,1.0,-1.43267287e-08,-7.73566849e-11,1.43261543e-08,0.9999872120000001,-0.00505727811,1.49809947e-10,0.00505727811,0.9999872120000001,4.587749073423666e-06,4.5948601736377464e-06,4.497189686811093e-06,1000000.0,0.04964216232524546,0.028315872444218043,0.5158094793847605,0.8181872861841644,0.02198530191521306,0.0011424933337791938,0.0009815247409489566,0.07960183009282501,0.008946982944029081,0.0,-2.5981747507490232e-06,1.2799235442479265e-05,0.0,1.3269026243311686e-06,1.0931807824523964e-06,0.0,1.2992996908304874e-05,9.455169906564632e-05,1e-20,8.437424624594059e-12,4.986931088932324e-11,0.0,7.66111871e-12,4.48702292e-11
8,0.0001,0.0001,0.0001,0.0001,0.0001,0.0001,1010000.0,2010000.0,101000000.0,158.33944196678237,1886.5439863189208,1672.7603438709516,84391.17920441483,322546.4777998577,1.3541269275070376e-05,9.714424430546657e-05,1004.98907,1417.74576,10049.8758,158.3394,84377.9101,322559.826,1.0,-2.00438153e-07,1.16875647e-09,-2.00441197e-07,-0.999970087,0.007734693409999998,3.81606151e-10,0.007734693409999998,0.999970087,1.0,-7.307633359999998e-09,-2.12712809e-10,-1.60023923e-10,0.007209359870000002,-0.999974012,7.30897698e-09,0.999974012,0.007209359870000002,2.253600975765979e-06,2.252761574942698e-06,2.2117308273875663e-06,1000000.0,0.013803760667436571,0.07811822789438502,0.3813716975616933,0.1293231995063123,0.6832974063164334,0.00018770116132674005,0.0008281284220018389,0.1194355618159353,0.0003019551147392594,0.0,-6.585663416538348e-06,3.95345755833844e-05,0.0,1.6297378446686285e-05,2.158149205161091e-05,0.0,-7.423141907908586e-05,-1.1195915084643244e-05,1e-20,8.401964599578264e-12,5.095481469162968e-11,0.0,8.341638860000001e-12,4.97928657e-11
9,0.0001,0.0001,0.0001,0.0001,0.0001,0.0001,1010000.0,2010000.0,101000000.0,103.85569908460936,591.654118576717,307.15435583745096,43943.87635306331,388992.9631718284,2.3390202801751424e-05,0.0005983326770443871,1004.98907,1417.74576,10049.8758,103.8557,43943.3414,388993.632,1.0,-2.37061293e-06,3.60288271e-09,-2.3706156600000003e-06,-0.99999867,0.00163100135,2.63594983e-10,0.00163100135,0.99999867,1.0,-1.04636358e-08,-5.461757420000001e-09,-5.4515646799999995e-09,0.000973863035,-0.999999526,1.04689498e-08,0.999999526,0.000973863035,2.9268061632166813e-06,2.922401505244505e-06,2.811505511409744e-06,1000000.0,0.00012756579359715148,0.02632780663113685,0.06759686846738756,0.013377628170294118,0.0636695160186378,0.10480682062430327,0.0021550292421485357,0.030788566105819145,0.0032344215800184212,0.0,-0.00023365661957049322,-0.00010264943321827866,0.0,0.00013378293347835976,0.000179572794005766,0.0,-2.749435327252845e-05,0.00011108544519605122,1.0000000000000001e-20,8.680474072834523e-12,5.0661657795564286e-11,0.0,8.61697766e-12,5.01097602e-11
10,0.0001,0.0001,0.0001,0.0001,0.0001,0.0001,1010000.0,2010000.0,101000000.0,152.29768983447426,842.7454851406519,1068.6533330911916,8311.144489407563,803443.104590879,4.201813758678715e-06,3.610419858379216e-06,1004.98907,1417.74576,10049.8758,152.2977,8310.01103,803444.2640000002,1.0,-7.56660183e-08,7.919514190000001e-11,-7.56660597e-08,-0.999999435,0.00106278769,1.22181576e-12,0.00106278769,0.999999435,1.0,-9.08786559e-10,-1.29439278e-09,-1.29317286e-09,0.00134108292,-0.999999101,9.105216300000001e-10,0.999999101,0.00134108292,5.4968550958916864e-08,5.3924711045715723e-08,4.325729635783901e-08,1000000.0,0.0035271544704668623,0.2399148030734195,0.06418078954942122,0.000274668725100604,0.4871185701229295,0.7687423008473245,0.09328031920526587,0.23768508389779786,0.12399223885256384,0.0,-2.4868302813531228e-05,0.0001576059669832173,0.0,-0.0002830102529772228,0.0005937660630114907,0.0,0.0011787592442844305,0.0017741555478205575,1.0000000000000001e-20,8.470320396990158e-12,5.044725006981962e-11,0.0,9.86053851e-12,5.828591729999999e-11
11,0.0001,0.0001,0.0001,0.0001,0.0001,0.0001,1010000.0,2010000.0,101000000.0,128.44073802839475,1377.5278610580758,1052.3930889186877,83930.22896415083,359574.6738304342,5.700144562436832e-06,7.838907637720226e-06,1004.98907,1417.74576,10049.8758,128.4407,83924.9345,359580.115,1.0,-1.6261709e-08,6.13126026e-11,-1.62618164e-08,-0.999988604,0.00477412796,1.63235756e-11,0.00477412796,0.999988604,1.0,-2.76001895e-09,2.04138378e-11,3.15669954e-11,0.00404103176,-0.999991835,2.75991393e-09,0.999991835,0.00404103176,1.5938403240412885e-07,1.5936691086011306e-07,1.5759264337927422e-07,1000000.0,0.10338554521706876,0.0009483243631909287,0.0002295869929795982,0.12329011157608134,0.008943605553209834,0.34486512153119153,0.03552135512445952,0.027560585734526584,0.007301588524891478,0.0,7.944200481277328e-05,-0.0028890524963105786,0.0,-0.00013022685102027093,0.0004667124989576301,0.0,0.0011142455733652418,0.008222277120999072,1.0000000000000001e-20,9.007317984613787e-12,5.074242576778425e-11,0.0,6.87140382e-12,3.83310915e-11
12,0.0001,0.0001,0.0001,0.0001,0.0001,0.0001,1010000.0,2010000.0,101000000.0,135.7914980899621,561.4828594437216,788.2051146680487,35896.38343191217,89565.13752194899,5.780178031758742e-06,0.00027197523026933294,1004.98907,1417.74576,10049.8758,135.7915,35887.9981,89573.7267,1.0,-1.3193306299999995e-06,8.25391765e-09,-1.3193371299999998e-06,-0.999931929,0.0116677761,7.140298590000001e-09,0.0116677761,0.999931929,1.0,-1.11810988e-08,-4.81597001e-09,-4.66487041e-09,0.0134747366,-0.999909212,1.12449776e-08,0.999909212,0.0134747366,7.536274425377702e-06,7.519335762971593e-06,6.886884253235509e-06,1000000.0,0.0249884965095304,0.0005349773057024722,0.0012278437344149429,0.000181116904081397,0.001192164319903184,0.0017781047308829683,0.4912052584208986,0.00010435486425220323,0.07178821818206013,0.0,0.0005123739914677375,0.0009404512437324676,0.0,0.00021811080449761852,0.0036592669503615117,0.0,-2.7060971566621993e-05,-5.1736151165614945e-05,1.0000000000000001e-20,8.731695870183806e-12,4.912835907553492e-11,0.0,8.9641108e-12,4.93487656e-11
13,0.0001,0.0001,0.0001,0.0001,0.0001,0.0001,1010000.0,2010000.0,101000000.0,142.13612384518646,352.5623541404197,549.8009324605464,115643.14335980867,8743.623586620188,5.046249242383123e-06,0.0006319796501141756,1004.98907,1417.74576,10049.8758,142.1361,8741.79796,115645.082,1.0,-9.516406040000001e-07,3.67494391e-08,-4.15198734e-08,-0.00501333805,0.9999874329999999,9.514444070000001e-07,0.9999874329999999,0.00501333805,1.0,-9.98297904e-08,-8.653024130000001e-10,9.982623800000001e-08,0.9999941259999999,-0.0034276659600000004,1.2074805e-09,0.0034276659600000004,0.9999941259999999,1.5084140811143397e-05,1.5051748058219793e-05,1.3077341144305462e-05,1000000.0,0.0010939548497336693,0.00023738285524341392,0.7719820923040851,0.5095040050430879,0.2390752025017395,0.10828528814276683,0.906576053292879,0.00048661995253792634,0.35943188364630274,0.0,-5.105552968677957e-07,3.911886549786587e-06,0.0,1.3082762621629864e-06,1.0002625753556337e-05,0.0,-4.5382557323664636e-07,-5.8254317698961936e-06,1e-20,8.890698228381294e-12,5.041657157472685e-11,0.0,7.70641572e-12,4.58684795e-11
14,0.0001,0.0001,0.0001,0.0001,0.0001,0.0001,1010000.0,2010000.0,101000000.0,125.01940007712228,1214.2176423576784,1645.6093969407248,335795.3503397202,59863.9748395812,1.791425326144515e-06,0.0002925432460585913,1004.98907,1417.74576,10049.8758,125.0194,59856.6778,335802.927,1.0,-1.51693739e-07,3.06593165e-09,-3.93464217e-09,-0.00572707095,0.9999836,1.51673693e-07,0.9999836,0.00572707095,1.0,-5.20261846e-09,-3.766444470000001e-11,5.20238789e-09,0.99998925,-0.004636777,6.17874214e-11,0.004636777,0.99998925,5.3027944416307235e-06,5.302822302625254e-06,5.179794871953508e-06,1000000.0,0.005588898789306979,0.002334041598215587,0.00014408277374149462,0.010581880013495894,0.10875373000168724,0.040994660803007635,0.0003102432589669,0.00037782860035389515,0.5945522106134763,0.0,0.000162513139375736,0.0001537625893515921,0.0,4.151822579815371e-06,5.38299995941317e-05,0.0,-1.9818398141722357e-06,7.892577422024847e-06,1e-20,8.403153536606118e-12,4.9489525794973326e-11,0.0,8.24664952e-12,4.8573571e-11
15,0.0001,0.0001,0.0001,0.0001,0.0001,0.0001,1010000.0,2010000.0,101000000.0,194.8103169300579,223.445386857546,426.6795699386029,88011.89662407489,79591.28167707937,2.1560335101870787e-06,0.0001279985132072295,1004.98907,1417.74576,10049.8758,194.8103,79578.8118,88024.4914,1.0,-2.53209919e-07,6.99331864e-10,-1.06051368e-08,-0.0391230344,0.9992344009999999,2.52988702e-07,0.9992344009999999,0.0391230344,1.0,-4.71162638e-09,-5.48506611e-10,4.6874446e-09,0.9992811070000001,-0.0379113434,7.26736379e-10,0.0379113434,0.9992811070000001,1.2891928921175016e-06,1.29188312538849e-06,1.2645729011376287e-06,1000000.0,0.0022485618001164605,0.029395282277224183,0.00018378846365750456,0.0062394855919747465,0.3372087921894662,0.2124123711572666,0.03322714271134563,0.001040960612998247,0.00028241993485531865,0.0,0.0003438615750470085,-0.0005946771436610841,0.0,-1.976043126497428e-05,0.00013031073088744656,0.0,9.130950108702008e-05,0.00018310768359728385,1e-20,8.406260883911702e-12,5.0109514508870823e-11,0.0,7.33588408e-12,4.38354812e-11
16,0.0001,0.0001,0.0001,0.0001,0.0001,0.0001,1010000.0,2010000.0,101000000.0,161.72682285956998,203.7805959502544,1801.5500702622546,44961.634401828254,104698.78443538092,5.385160546781939e-06,0.0009556382328951416,1004.98907,1417.74576,10049.8758,161.7268,44949.0697,104719.88900000001,1.0,-3.7008390499999998e-06,7.18966852e-09,-3.70067911e-06,-0.999934558,0.011440283899999999,3.51494512e-08,0.011440283899999999,0.999934558,1.0,-8.715531359999999e-09,-1.32724014e-08,-1.30764178e-08,0.022114289199999998,-0.999755449,9.00690969e-09,0.999755449,0.022114289199999998,3.935453354752941e-05,3.929085934191261e-05,3.670583645418689e-05,1000000.0,0.0022248619853404176,0.05243507228709605,0.00075371260378655,0.0024764872092368447,0.5304233590454541,0.003813938423865138,0.00016368831984235233,0.0002083015314731435,0.0007939498144498706,0.0,8.00416158991072e-05,9.257171836207111e-06,0.0,-7.618002871247902e-06,4.464982805438796e-07,0.0,-0.00025062967608978565,0.0011360504625640981,1e-20,8.926477951007538e-12,5.053503639877597e-11,0.0,9.041287630000001e-12,5.12277903e-11
17,0.0001,0.0001,0.0001,0.0001,0.0001,0.0001,1010000.0,2010000.0,101000000.0,166.67946206641503,643.5788733420143,1736.7348855765802,31189.579557975718,58910.876250268986,4.075346472214067e-05,7.76586304603847e-05,1004.98907,1417.74576,10049.8758,166.6795,31141.8925,58965.1987,1.0,-4.3374441499999994e-07,4.39774076e-09,-4.33612993e-07,-0.999324359,0.0367535915,1.15468956e-08,0.0367535915,0.999324359,1.0,-1.20434582e-07,1.67134451e-10,6.05310665e-09,0.0488744333,-0.9988049309999999,1.20282485e-07,0.9988049309999999,0.0488744333,8.198147779630984e-06,8.18694777293089e-06,7.603618740071063e-06,1000000.0,0.04291789939674333,0.9468743315035182,0.002814874747426576,0.0002353855496892436,0.006004801364648078,0.004611778752275233,0.020135037424297324,0.00034397504295200605,0.07129211626731831,0.0,4.0513177122711e-06,2.649470876330635e-06,0.0,-0.000551114532454339,0.0003202304701292944,0.0,2.7357728900047212e-05,3.8803182299132896e-05,1e-20,8.657147978241955e-12,4.983171941962438e-11,0.0,7.69294366e-12,3.7753124799999993e-11
18,0.0001,0.0001,0.0001,0.0001,0.0001,0.0001,1010000.0,2010000.0,101000000.0,116.59203623189761,425.5454225611006,1400.728379945482,9354.334260650276,684142.880057908,4.832734356895771e-06,0.00018888317824785548,1004.98907,1417.74576,10049.8758,116.59200000000001,9353.44115,684144.478,1.0,-3.5163948900000002e-06,2.18704714e-09,-3.5163955699999997e-06,-0.9999997890000001,0.000650125626,9.90517513e-11,0.000650125626,0.9999997890000001,1.0,-1.13985795e-09,-4.37763343e-08,-4.37738978e-08,0.00205630425,-0.999997886,1.2298730000000001e-09,0.999997886,0.00205630425,3.228373977331269e-06,3.1912579017609637e-06,2.6447024472697566e-06,1000000.0,0.016861231459155673,0.0040279558674275314,0.03665744321163904,0.0036303781566657187,0.00014551123016391852,0.004130688925835485,0.13911667681671272,0.7635643967194984,0.0001220178671521296,0.0,-0.00017164115026482743,0.0005833908009796962,0.0,0.0011413366123436727,-0.002525181287121932,0.0,3.1248681088750353e-06,1.3102720493603744e-05,1e-20,8.61790785482364e-12,4.912112945521797e-11,0.0,1.03734103e-11,5.866817120000001e-11
19,0.0001,0.0001,0.0001,0.0001,0.0001,0.0001,1010000.0,2010000.0,101000000.0,153.9082336807517,362.31287566164804,805.468280915632,224162.2396736029,408717.61427179404,1.7441673027899547e-06,0.0005783662568625222,1004.98907,1417.74576,10049.8758,153.9082,224160.43,408719.525,1.0,-4.49212175e-07,3.97930337e-10,-4.4921151700000003e-07,-0.999996042,0.0028136125899999994,8.65980271e-10,0.0028136125899999994,0.999996042,1.0,-7.42219454e-10,-3.072262930000001e-10,-3.04616363e-10,0.0035138294399999995,-0.999993826,7.43294412e-10,0.999993826,0.0035138294399999995,2.7059877421764838e-06,2.705516534624435e-06,2.686996983116528e-06,1000000.0,0.00938372570596068,0.002818363960213777,0.009229636273130332,0.0019244004104160106,0.0002365513477628003,0.35942019993562635,0.7685681380354279,0.0005731924227407411,0.9489754227002398,0.0,0.0005405101379432795,0.004911908825707354,0.0,-8.840681138175827e-06,5.681198166600549e-05,0.0,-4.209182391443235e-06,-5.6945511923041966e-05,1e-20,8.703338520846305e-12,5.0247855867485476e-11,0.0,9.01744491e-12,5.215597279999999e-11
20,0.0001,0.0001,0.0001,0.0001,0.0001,0.0001,1010000.0,2010000.0,101000000.0,118.66050493579027,1175.5922060249973,607.071681179922,109857.44768226793,86990.36003980768,3.066386315881519e-06,4.364817354085545e-05,1004.98907,1417.74576,10049.8758,118.6605,86956.08,109892.501,1.0,-6.91796342e-08,9.26527349e-10,-3.51647486e-09,-0.0374473991,0.9992986,6.90964156e-08,0.9992986,0.0374473991,1.0,-6.13579874e-09,-9.06351391e-12,6.1304403600000005e-09,0.99918628,-0.0403333269,2.5653331499999997e-10,0.0403333269,0.99918628,1.0760837208940085e-06,1.0784933244106313e-06,1.0630138880245532e-06,1000000.0,0.01382047054382336,0.005098396541938315,0.5675622855206948,0.17111599937778796,0.06356819446089232,0.00014968851033119672,0.002506975143847257,0.06806138194664826,0.1063390355663666,0.0,-1.657313022727312e-05,-3.4323298733588474e-05,0.0,2.507178081684485e-05,3.7487221051924075e-05,0.0,3.7636577423220034e-05,0.0004819004359083015,1.0000000000000001e-20,8.566694904875867e-12,5.0694530596781065e-11,0.0,7.65142884e-12,4.2453147e-11
21,0.0001,0.0001,0.0001,0.0001,0.0001,0.0001,1010000.0,2010000.0,101000000.0,179.59339984973144,1247.181244152986,483.3533161746792,31358.385378025214,7996.0104986046745,3.2317514699280438e-06,0.0003935294463331545,1004.98907,1417.74576,10049.8758,179.5934,7967.713059999999,31394.0988,1.0,-2.19020785e-06,3.40223406e-07,-3.99807749e-07,-0.027262619100000003,0.999628306,2.18011838e-06,0.999628306,0.027262619100000003,1.0,-6.21173312e-08,-1.0073072e-08,6.15797228e-08,0.998911036,-0.046655570999999986,1.29602223e-08,0.046655570999999986,0.998911036,5.6495420517108874e-05,5.572774208077835e-05,3.808633560859268e-05,1000000.0,0.23447322759746075,0.02196742149990108,0.0003986793247445766,0.0010579907529431152,0.0012485060653087633,0.001107588654020168,0.021543733363344003,0.00017298033230572318,0.0013030694178107185,0.0,5.565860280607796e-06,-4.035301153706115e-06,0.0,-2.324322427173769e-05,0.0005583901832827154,0.0,-8.250800257698895e-05,3.368146506168373e-05,1.0000000000000001e-20,8.569892792102737e-12,5.010209179810792e-11,0.0,9.68749443e-12,4.841211939999999e-11
22,0.0001,0.0001,0.0001,0.0001,0.0001,0.0001,1010000.0,2010000.0,101000000.0,141.03515943822882,991.1929937457126,469.348786453778,23791.849673708453,62487.342777337326,3.137665838995322e-06,0.00021054565269938965,1004.98907,1417.74576,10049.8758,141.0352,23778.8621,62501.906,1.0,-1.54126734e-06,2.44285883e-08,-1.54143281e-06,-0.99976048,0.0218856699,9.30893095e-09,0.0218856699,0.99976048,1.0,-8.62120295e-09,-8.77727755e-09,-8.63962956e-09,0.0158385083,-0.999874563,8.75914052e-09,0.999874563,0.0158385083,7.134551030505475e-06,7.103648981123877e-06,6.113682781006362e-06,1000000.0,0.0002761018112910396,0.00031080893975176424,0.008545616393317986,0.21286830073348256,0.060204319225977375,0.11553021341107016,0.2445185327342284,0.0006158795862990313,0.017622542732331416,0.0,-0.00024291477553263984,-0.0005496271490746373,0.0,1.16293362440105e-05,9.244229780740354e-05,0.0,-8.369888282919926e-06,-8.757285134064241e-05,1.0000000000000001e-20,8.862464665131024e-12,5.086669594375033e-11,0.0,8.943872169999997e-12,5.1334170799999996e-11
23,0.0001,0.0001,0.0001,0.0001,0.0001,0.0001,1010000.0,2010000.0,101000000.0,122.95074201057292,1988.6439729375759,1863.3130487608303,3531.3549842454863,9069.563951499364,2.968522152315491e-06,1.2308566595586648e-05,1004.98907,1417.74576,10049.8758,122.9507,2927.74091,9673.80136,1.0,-6.85462823e-07,1.49531117e-07,-6.984825329999999e-07,-0.952689619,0.303944881,6.58861727e-08,0.303944881,0.952689619,1.0,-5.66039145e-08,8.01021168e-09,2.43223708e-08,0.294454695,-0.95566544,5.17357604e-08,0.95566544,0.294454695,9.288277723127043e-06,8.830489591927961e-06,4.001042457801033e-06,1000000.0,0.9203789463237916,0.0007664644070459822,0.03205546030817025,0.00039412844229245325,0.027713715012234887,0.07365637822568656,0.007184018823740214,0.0405333379088549,0.00012259268994253183,0.0,4.6407163593758326e-07,3.7763537051057603e-07,0.0,-8.491730467610597e-06,5.314605425883614e-05,0.0,3.7850375050608366e-05,0.00014496358972038381,1.0000000000000001e-20,8.400504935371255e-12,5.0977241679138636e-11,0.0,6.93546445e-12,4.32154389e-11
24,0.0001,0.0001,0.0001,0.0001,0.0001,0.0001,1010000.0,2010000.0,101000000.0,166.84671744091455,1069.1190689419498,361.8777461906927,4870.627107158658,4343.1178452262575,8.798792920089674e-06,0.0002238332991741107,1004.98907,1417.74576,10049.8758,166.8467,3857.86011,5382.98873,1.0,-8.15718277e-06,1.99811639e-06,-6.08702316e-06,-0.540058151,0.8416277040000001,5.78621197e-06,0.8416277040000001,0.5400581520000001,1.0,-2.57385013e-07,-2.22933068e-07,7.0944963e-08,0.7978262340000001,-0.602887469,3.3303604900000004e-07,0.602887469,0.7978262340000001,7.594098015414972e-05,7.13745270468271e-05,2.686711607242931e-05,1000000.0,0.0006041315877446527,0.019444207827768185,0.001028329972338265,0.6424602892641001,0.0010298381674066807,0.3812800409420598,0.0015109019678547135,0.00022214888945698398,0.00017086052373123178,0.0,8.088409666092792e-07,3.147523819106917e-05,0.0,-2.8970157778473675e-07,1.3121214263616008e-06,0.0,0.0004473645137034499,-0.001335282852450325,1.0000000000000001e-20,8.494995949232242e-12,5.070909793848902e-11,0.0,6.7297955799999996e-12,5.17337906e-11
25,0.0001,0.0001,0.0001,0.0001,0.0001,0.0001,1010000.0,2010000.0,101000000.0,115.77162723577072,827.2563328052584,1013.3620153321376,5167.714282314224,37952.534402080535,1.5164373623636738e-06,0.00019358591056986023,1004.98907,1417.74576,10049.8758,115.7716,5142.10095,37978.5447,1.0,-6.55334604e-06,1.4283618e-07,-6.5548476100000026e-06,-0.999665033,0.0258809012,2.68181667e-08,0.0258809012,0.999665033,1.0,-2.61194678e-09,-1.46395603e-07,-1.46249982e-07,0.030195144700000006,-0.999544023,7.0311922e-09,0.999544023,0.030195144700000006,2.352306895064101e-05,2.294764689800807e-05,1.3428311830800611e-05,1000000.0,0.002262108590035973,0.24615661838335998,0.0004311640453490082,0.00030044180512421695,0.0003440920165851174,0.0007843152052708466,0.0013942332183050589,0.0011752467074943136,0.00011721652622452938,0.0,1.1753228474738555e-07,4.360526891575618e-06,0.0,-0.00033802786557966683,0.0020129763342115227,0.0,0.0004040777223231687,-0.0003585198368698644,1.0000000000000001e-20,8.740270610346231e-12,5.088375994572047e-11,0.0,9.97080301e-12,5.41746262e-11
26,0.0001,0.0001,0.0001,0.0001,0.0001,0.0001,1010000.0,2010000.0,101000000.0,185.29618804477738,662.4147816597957,1704.9936365348315,120122.4496655056,53075.97857424338,1.282435478783595e-06,0.0004241999030541912,1004.98907,1417.74576,10049.8758,185.2962,53056.6572,120144.861,1.0,-6.14941351e-07,7.66028668e-09,-2.03608463e-08,-0.0206559438,0.999786643,6.14651919e-07,0.999786643,0.0206559438,1.0,-4.1502697e-09,-9.2569825e-10,4.1362752600000005e-09,0.999892868,-0.0146373962,9.8634822e-10,0.0146373962,0.999892868,1.1348234063197075e-05,1.1339288720488133e-05,1.0777203230753116e-05,1000000.0,0.0009731828293335072,0.8972183666360399,0.00032873423100474486,0.00039858503623145183,0.006715154759690382,0.06046684696825424,0.00034236551416757984,0.16456221553235448,0.9972599465625888,0.0,4.874020546663698e-06,9.34801086567964e-06,0.0,0.00120285098589229,0.0017606977311898444,0.0,-7.724872709487924e-05,-0.00010909674216779666,1.0000000000000001e-20,8.660490069308388e-12,5.043154018808455e-11,0.0,7.00326228e-12,5.51220767e-11
27,0.0001,0.0001,0.0001,0.0001,0.0001,0.0001,1010000.0,2010000.0,101000000.0,111.90013545076641,503.85668751039736,780.1756793363874,6207.419245342719,7468.238950936811,1.958171727043108e-05,0.0007712797357260152,1004.98907,1417.74576,10049.8758,111.9001,5939.446,7739.00325,1.0,-2.18234887e-05,1.46641122e-06,-2.0761894e-05,-0.925985667,0.377558664,6.88177146e-06,0.377558664,0.925985667,1.0,-3.96796224e-07,-3.61200384e-07,-1.7443751800000002e-07,0.396187499,-0.918169628,5.074293179999999e-07,0.918169628,0.396187499,0.00015636274640124485,0.0001499412221389832,6.399249671851844e-05,1000000.0,0.0005721680329518842,0.3862233790355568,0.00036217924152409496,0.047155782492168695,0.03497215303378238,0.6980864918269883,0.0004604689999601566,0.0009049747216391002,0.0001628642488910287,0.0,-8.400870884524912e-08,3.811529166604244e-07,0.0,-6.921785772239617e-08,3.2266524441996695e-07,0.0,0.00017336686953502958,0.00017213369781286046,1.0000000000000001e-20,8.490424332656417e-12,5.023752457342989e-11,0.0,8.21121236e-12,4.9634552000000005e-11
28,0.0001,0.0001,0.0001,0.0001,0.0001,0.0001,1010000.0,2010000.0,101000000.0,103.81942009289727,1868.0811545795648,1797.0871960797876,350493.4786363436,616893.8031003199,2.1463072112443725e-06,0.00016915956240192592,1004.98907,1417.74576,10049.8758,103.8194,350480.895,616906.407,1.0,-8.40296951e-08,2.54357232e-10,-8.40294448e-08,-0.999976089,0.006915265899999999,3.26736534e-10,0.006915265899999999,0.999976089,1.0,-6.05640387e-10,-2.1662391e-11,-1.75181649e-11,0.00684188027,-0.999976594,6.05774423e-10,0.999976594,0.00684188027,1.4533103961238575e-06,1.4532338719345012e-06,1.448668439693547e-06,1000000.0,0.00011734505137382373,0.01185616722429432,0.3548325997892717,0.24110904583124645,0.0004140468207875599,0.4769199866181657,0.5334026936091334,0.005583352546155839,0.0004962817774253903,0.0,0.0002033612824521286,0.0018986310441909493,0.0,-0.00015946217326739622,-0.0013659745707311492,0.0,7.85575265114609e-05,0.0006280348772279383,1.0000000000000001e-20,8.443698492395045e-12,4.992905383685349e-11,0.0,8.51363771e-12,5.06852781e-11
29,0.0001,0.0001,0.0001,0.0001,0.0001,0.0001,1010000.0,2010000.0,101000000.0,168.83254639000774,255.86339770856048,937.5016972755808,492671.3617851439,312665.57130115514,1.3062898662685513e-05,2.8192215946192766e-06,1004.98907,1417.74576,10049.8758,168.8325,312663.766,492673.52200000006,1.0,-9.96272544e-10,-3.11248607e-12,-6.115422010000001e-13,-0.00373793954,0.999993014,9.96277218e-10,0.999993014,0.00373793954,1.0,-7.273937220000001e-09,3.4362277300000003e-12,7.27391675e-09,0.999995819,-0.00289154309,1.75966896e-11,0.00289154309,0.999995819,3.132987641901138e-07,3.18321296938007e-07,3.4834490739330394e-07,1000000.0,0.021341497494582255,0.16404721391443006,0.0009259614151393457,0.002800991147104746,0.021615525454943663,0.01005119369256722,0.0009371988620753476,0.0011878544778575384,0.08734865028068313,0.0,0.016636074536301997,0.011117810392768388,0.0,-0.12433160135742075,-0.07883923851873086,0.0,0.012740997559469513,0.00936308124632928,1.0000000000000001e-20,8.472571112194022e-12,4.913370646172047e-11,0.0,9.71051936e-12,5.62803155e-11
30,0.0001,0.0001,0.0001,0.0001,0.0001,0.0001,1010000.0,2010000.0,101000000.0,157.47359685108214,668.1998678455158,745.7822824542235,27340.25994995091,207159.74069165325,7.779886636836143e-06,0.0006611356126135028,1004.98907,1417.74576,10049.8758,157.4736,27337.4868,207162.486,1.0,-4.21065589e-06,1.35767019e-08,-4.21067716e-06,-0.999992908,0.00376616138,2.28140402e-09,0.00376616138,0.999992908,1.0,-6.44142508e-09,-2.40949787e-08,-2.40683859e-08,0.00409700066,-0.999991607,6.54008816e-09,0.999991607,0.00409700066,1.189387139345154e-05,1.1857957463253611e-05,1.0920198670745813e-05,1000000.0,0.0022308547257963644,0.43692310644664417,0.05543912539405022,0.0004838061163580956,0.18339359888367374,0.004655974769670765,0.002430330115748289,0.1714355298892968,0.00011488179586646372,0.0,8.241310250948033e-06,8.789239782633846e-05,0.0,-0.000209005526044072,-0.0004451733228578384,0.0,0.0002223439811486902,0.00029183085173262874,1.0000000000000001e-20,8.886005106277768e-12,4.918392689540537e-11,0.0,1.09217659e-11,5.382491e-11
31,0.0001,0.0001,0.0001,0.0001,0.0001,0.0001,1010000.0,2010000.0,101000000.0,118.10345595837956,450.1848717353748,591.565329651472,40475.01312704453,8808.060685777577,2.967410752641469e-05,0.0009063988249207034,1004.98907,1417.74576,10049.8758,118.1035,8799.59708,40483.6767,1.0,-3.90171087e-06,1.9159264e-07,-2.61309109e-07,-0.0178760256,0.999840211,3.8976625e-06,0.999840211,0.0178760256,1.0,-5.83654651e-07,-4.8932217299999994e-09,5.835154829999999e-07,0.999887378,-0.0150076806,1.36519732e-08,0.0150076806,0.999887378,5.899622054804887e-05,5.875889094824965e-05,4.791194969363383e-05,1000000.0,0.024063926782044845,0.014524076228557163,0.4186581955586624,0.033381625307859326,0.05021799912047,0.009893876801814944,0.6595325129928817,0.06999396882724176,0.28959384590986914,0.0,-3.078349629181173e-07,1.503056478268664e-06,0.0,1.6017748281213125e-06,1.1851595705353605e-05,0.0,8.106424402605049e-08,-5.807853946316336e-07,1.0000000000000001e-20,8.99574541844685e-12,5.019452007975921e-11,0.0,7.107367909999999e-12,4.15301628e-11
32,0.0001,0.0001,0.0001,0.0001,0.0001,0.0001,1010000.0,2010000.0,101000000.0,171.18718286760415,1452.611242968248,548.6477990224937,2235.036486311604,15335.614105944902,7.408503790427118e-06,1.5731245137677998e-05,1004.98907,1417.74576,10049.8758,171.1872,2170.66705,15423.2168,1.0,-1.25778705e-06,1.1823264e-07,-1.26329365e-06,-0.994853738,0.10132147,9.8166495e-09,0.10132147,0.994853738,1.0,-8.12306886e-08,-4.35431247e-08,-3.94210669e-08,0.0500726571,-0.998745578,8.3309111e-08,0.998745578,0.0500726571,4.1699546371932925e-06,3.973325739904718e-06,2.130404541759356e-06,1000000.0,0.005109863307588186,0.06956085946252359,0.0008576216173517343,0.0029382235761470327,0.02444804217123892,0.411318825514962,0.01824135903883331,0.00068231283181907,0.0009663127232634877,0.0,1.6047542882220844e-05,0.00011553419762912424,0.0,-3.696203517155159e-06,2.086193069223462e-05,0.0,0.00012595178950871642,0.00012362961540672107,1.0000000000000001e-20,8.932915863002594e-12,5.040486552182182e-11,0.0,6.96248321e-12,4.24420311e-11
33,0.0001,0.0001,0.0001,0.0001,0.0001,0.0001,1010000.0,2010000.0,101000000.0,194.80125146860053,1961.888053076312,1889.407475836872,10258.916444824392,54891.627209144295,1.1674831693588344e-06,0.00028637278186973564,1004.98907,1417.74576,10049.8758,194.8013,10176.0135,54974.5768,1.0,-4.8940157e-06,1.7491798800000001e-07,-4.89698901e-06,-0.9990499340000001,0.0435801571,3.8530167999999996e-08,0.0435801571,0.9990499340000001,1.0,1.1723683400000002e-10,-9.29523405e-08,-9.28734577e-08,0.042468672199999995,-0.9990977990000001,3.83043142e-09,0.9990977990000001,0.042468672199999995,4.303543404872028e-05,4.2557359240423405e-05,3.1437138054110824e-05,1000000.0,0.01177992466464236,0.00017347807565548648,0.0043319005083577965,0.0952463475159292,0.0019395004385508886,0.007440817090525155,0.008184537561310636,0.2457860360324079,0.6029229444569937,0.0,-0.00011293264007102022,-0.00032531746109420485,0.0,1.5265415422875946e-05,4.224225811415925e-05,0.0,5.581205998884981e-07,4.363478454350229e-06,1e-20,8.771069890030956e-12,5.0200005390238456e-11,0.0,9.128020879999999e-12,5.51696907e-11
34,0.0001,0.0001,0.0001,0.0001,0.0001,0.0001,1010000.0,2010000.0,101000000.0,183.5148942133593,1388.1112017735318,421.90202629294686,6138.48160563235,38227.10596465647,1.7321655037593445e-06,2.215808595973478e-05,1004.98907,1417.74576,10049.8758,183.5149,6118.23805,38257.8739,1.0,-6.30547819e-07,2.28601492e-08,-6.30959561e-07,-0.9992372190000001,0.0390510031,1.7808129e-09,0.0390510031,0.9992372190000001,1.0,-7.59024802e-09,-1.7134335999999998e-08,-1.70005774e-08,0.0172851754,-0.9998505999999999,7.885284040000001e-09,0.9998505999999999,0.0172851754,1.4196756279694404e-06,1.3809732908157758e-06,7.902061121624284e-07,1000000.0,0.0007876284012277073,0.000816016191539832,0.0002467953838156154,0.5736925093856179,0.020648322780794044,0.1122950114609227,0.013036061220315193,0.00028796904198409736,0.14918742577545802,0.0,0.004006042640112334,0.02909206592311497,0.0,1.8077837702380585e-06,-3.530856418019455e-05,0.0,-5.923093418097985e-05,0.00026739592117626675,1e-20,8.836045723602581e-12,4.9394482610469295e-11,0.0,1.04431321e-11,5.89476136e-11
35,0.0001,0.0001,0.0001,0.0001,0.0001,0.0001,1010000.0,2010000.0,101000000.0,191.67103392684047,666.108821428348,427.00206128397036,69080.53550047596,276560.850004035,6.300510701071165e-06,6.503921773987473e-05,1004.98907,1417.74576,10049.8758,191.671,69079.1416,276562.381,1.0,-1.6392244199999994e-07,3.92065967e-10,-1.63922883e-07,-0.999995559,0.00298011102,9.6442851e-11,0.00298011102,0.999995559,1.0,-3.96546516e-09,-4.16582546e-10,-4.0750713500000003e-10,0.0022883368300000003,-0.999997382,3.96640805e-09,0.999997382,0.0022883368300000003,5.687014558371324e-07,5.681643100836363e-07,5.545539973527185e-07,1000000.0,0.005721214259907114,0.0024168430346082365,0.0007942969353663098,0.0011962648722463802,0.5500724009266401,0.02693698771750077,0.00010196480944017675,0.00018010467209122902,0.9967590039179206,0.0,0.001554512343661237,0.002388147888563673,0.0,7.067485019948981e-06,0.00010798518704534048,0.0,-1.2212615431880207e-05,5.615658028633602e-05,1e-20,8.932086036818634e-12,5.0733319620351634e-11,0.0,7.913399760000001e-12,4.505637e-11
36,0.0001,0.0001,0.0001,0.0001,0.0001,0.0001,1010000.0,2010000.0,101000000.0,134.96802602683056,1654.134030848879,1372.4453721187738,302500.95800713624,317946.8115798293,0.00024462942172003113,0.0008424560528405557,1004.98907,1417.74576,10049.8758,134.968,302354.165,318093.69899999996,1.0,-4.84885962e-07,2.46577845e-09,-4.82846506e-07,-0.995301573,0.09682344119999996,4.44941343e-08,0.09682344119999996,0.995301573,1.0,-1.3395759900000002e-07,5.16162692e-10,1.34234623e-08,0.0963715552,-0.9953454290000001,1.3328434e-07,0.9953454290000001,0.0963715552,1.2102373789929075e-05,1.2109074021693455e-05,1.2100372929448305e-05,1000000.0,0.009419604485513343,0.9547883741682492,0.455969490643325,0.00011682993547993383,0.00010837486820976767,0.00020776514545041064,0.061576121751329066,0.6930966479224477,0.10142243839378408,0.0,-2.672789793497771e-06,3.554481635834098e-06,0.0,0.0014130643407861453,0.005304482176811082,0.0,3.981849887540992e-06,-1.1941522587960443e-06,1e-20,8.975532730462269e-12,4.986597548603561e-11,0.0,7.406864410000001e-12,4.53415608e-11
37,0.0001,0.0001,0.0001,0.0001,0.0001,0.0001,1010000.0,2010000.0,101000000.0,142.8314820512471,299.33914713278483,1253.7851581966947,39479.69042409672,44571.43742097457,1.8925133167923888e-06,0.00027496095838097325,1004.98907,1417.74576,10049.8758,142.8315,39366.5968,44689.9522,1.0,-1.21284328e-06,8.122166559999999e-09,-1.20172743e-06,-0.989884784,0.141873586,1.64030416e-07,0.141873586,0.989884784,1.0,-7.24459057e-09,-4.33295285e-09,-3.17268881e-09,0.153104391,-0.988210021,7.8225711e-09,0.988210021,0.153104391,1.1691894722960087e-05,1.1656250595043385e-05,1.0282375717747623e-05,1000000.0,0.24292730157747736,0.2516271114313408,0.0010840110847621712,0.0006535405758887342,0.00018015271524769266,0.06682507922642864,0.016188115827921786,0.09599983931411282,0.001030044105036799,0.0,1.6314515787726978e-06,3.4123563567703073e-07,0.0,-7.711029793706071e-06,4.081051851259849e-05,0.0,-6.348729278046053e-07,3.768300627017517e-05,1e-20,8.553561739328228e-12,5.058891739101186e-11,0.0,8.60420022e-12,5.08188224e-11
38,0.0001,0.0001,0.0001,0.0001,0.0001,0.0001,1010000.0,2010000.0,101000000.0,138.14228455890023,1084.2552353956207,335.81413922462286,109703.319090326,166336.15313206922,1.718108627667934e-06,0.0008624232693772513,1004.98907,1417.74576,10049.8758,138.1423,109694.90699999999,166345.608,1.0,-1.3687353e-06,8.92055467e-09,-1.36872716e-06,-0.9999035279999999,0.0138900928,1.00921663e-08,0.0138900928,0.9999035279999999,1.0,-1.7874935399999998e-09,-1.70589348e-09,-1.6858045600000002e-09,0.011178958999999999,-0.999937513,1.8064519600000002e-09,0.999937513,0.011178958999999999,8.863613657011558e-06,8.858969900241597e-06,8.649853576468301e-06,1000000.0,0.04087750210832386,0.5211961182573294,0.0021934501636224468,0.3033960891519269,0.00025670225300408804,0.0002442305151946401,0.6462040863443175,0.009260959165914372,0.00012467725160995914,0.0,-2.515226450660667e-05,0.00014631869092446582,0.0,-0.003310810646040373,0.017598019954785837,0.0,0.001594572217369547,-0.008470255796985826,1e-20,8.815125163780794e-12,4.968382445071549e-11,0.0,8.79295139e-12,5.12417907e-11
39,0.0001,0.0001,0.0001,0.0001,0.0001,0.0001,1010000.0,2010000.0,101000000.0,180.506664325292,380.2173002540026,913.838365627079,995944.2218731357,591023.8428942438,4.723498130743241e-06,0.00013245027406840113,1004.98907,1417.74576,10049.8758,180.5067,591022.811,995945.279,1.0,-2.31540802e-08,1.4470512599999998e-11,-5.53613669e-11,-0.0017660333,0.999998441,2.31540186e-08,0.999998441,0.0017660333,1.0,-1.3914415e-09,-3.66528214e-12,1.39143483e-09,0.999998978,-0.00142978179,5.6547361e-12,0.00142978179,0.999998978,2.8235172659090336e-07,2.83368119059398e-07,2.892101770920873e-07,1000000.0,0.12615310534057025,0.015196354829373548,0.00019860051906333632,0.00022653850811471166,0.007761314222354101,0.006615389905172144,0.3699851590140823,0.12473612395494275,0.1905410518874016,0.0,0.0009216336190301565,0.00021085516048375394,0.0,0.0043684210475239136,0.01714360449794243,0.0,-0.00026197868202384984,-9.251506375557516e-06,1.0000000000000001e-20,9.003186382578829e-12,5.02404569024141e-11,0.0,8.25681735e-12,4.27120734e-11
40,0.0001,0.0001,0.0001,0.0001,0.0001,0.0001,1010000.0,2010000.0,101000000.0,174.0696849843869,717.0635518371031,1535.2776187077834,38888.04941899266,107259.59180829972,2.826442739022262e-06,8.601027986732166e-05,1004.98907,1417.74576,10049.8758,174.0697,38870.6507,107279.29,1.0,-3.85182118e-07,2.56766084e-09,-3.85181239e-07,-0.99990662,0.0136657126,2.69636705e-09,0.0136657126,0.99990662,1.0,-4.56025196e-09,-1.64005511e-09,-1.55190467e-09,0.0192634343,-0.999814443,4.590998870000001e-09,0.999814443,0.0192634343,3.7935379954252923e-06,3.786522715314888e-06,3.5161038297941873e-06,1000000.0,0.06981049366600325,0.005461665724755836,0.0010313830898554751,0.12078904840033942,0.06453910409517638,0.0007818457389011633,0.0017764990931075466,0.0009222752207883768,0.00034160348619639814,0.0,-1.0011907594127789e-05,-0.00029260773447586404,0.0,8.519096065487018e-05,-0.0002073127681993265,0.0,-0.005050354370534073,0.02882109033046952,1.0000000000000001e-20,8.654511512979392e-12,4.9887812353468867e-11,0.0,8.70308224e-12,4.9037796500000004e-11
41,0.0001,0.0001,0.0001,0.0001,0.0001,0.0001,1010000.0,2010000.0,101000000.0,147.67087272996798,1899.600932473724,1664.494912891797,6794.17083324693,139211.4312406898,2.214158154600032e-06,1.4645677559720193e-05,1004.98907,1417.74576,10049.8758,147.6709,6770.2875,139235.473,1.0,-3.7672371200000007e-07,5.1377240799999995e-09,-3.76758672e-07,-0.999898332,0.0142592202,2.34584633e-10,0.0142592202,0.999898332,1.0,-2.67471885e-09,-7.44023532e-09,-7.40580725e-09,0.012649113899999998,-0.999919997,2.76861725e-09,0.999919997,0.012649113899999998,1.1810309941746571e-06,1.1648598852368852e-06,8.773149769994066e-07,1000000.0,0.2767495253817057,0.0008723475582124395,0.11890655419649288,0.058414588387013126,0.5701102070770798,0.0004578331687534704,0.2486278833379273,0.003462804952157403,0.0003674785089848752,0.0,-4.066977194579786e-05,0.00025922200580585453,0.0,7.511347296255629e-06,5.152933019606872e-05,0.0,8.005840769751417e-05,-0.0003720012094834332,1.0000000000000001e-20,9.006823299032412e-12,4.981425602638557e-11,0.0,1.00508474e-11,5.2996158200000003e-11
42,0.0001,0.0001,0.0001,0.0001,0.0001,0.0001,1010000.0,2010000.0,101000000.0,118.7767459798005,880.8339125608728,1070.485858804964,736272.2728089023,389997.2649874378,3.058568487841392e-05,0.0003923271947056582,1004.98907,1417.74576,10049.8758,118.7767,389994.559,736275.057,1.0,-9.27728048e-08,2.05374855e-10,-4.745772860000001e-10,-0.00290174794,0.99999579,9.27718182e-08,0.99999579,0.00290174794,1.0,-1.3654129e-08,1.3687492200000001e-12,1.36540818e-08,0.999996264,-0.0027333590000000003,3.59528924e-11,0.0027333590000000003,0.999996264,1.909632478233752e-06,1.9163833513444598e-06,1.9525764282862347e-06,1000000.0,0.008926489246908236,0.00011287184880747175,0.0006596586481522749,0.16621009367629427,0.0001946210367503042,0.00011493582639026516,0.00020360630669868682,0.4096239203832079,0.2469895469991726,0.0,-0.007175210796572156,0.009270579137079724,0.0,0.0003995829136430945,-0.0004733311378947334,0.0,6.799598682375545e-06,4.4500010893069925e-05,1.0000000000000001e-20,8.554168716606421e-12,5.043898255827282e-11,0.0,6.89345921e-12,4.1819583e-11
43,0.0001,0.0001,0.0001,0.0001,0.0001,0.0001,1010000.0,2010000.0,101000000.0,182.96460447917562,542.6793931306322,699.2110010636296,34885.06883759993,388489.0189245431,2.2154217900891207e-05,6.626875776474662e-05,1004.98907,1417.74576,10049.8758,182.9646,34883.9941,388490.105,1.0,-3.30751253e-07,4.57351104e-10,-3.3075156400000003e-07,-0.999998766,0.00157117731,6.23183258e-11,0.00157117731,0.999998766,1.0,-9.92551874e-09,-1.58031491e-09,-1.56104748e-09,0.00194090083,-0.999998116,9.92856728e-09,0.999998116,0.00194090083,9.535715636027201e-07,9.517560378572037e-07,9.1507600615707e-07,1000000.0,0.0005236563832291293,0.0006970519284560134,0.0005733078064324525,0.0020666683407261533,0.02973658498009682,0.29128375344434443,0.01688253873784358,0.09597211769695403,0.003106044085785053,0.0,0.009919169406151044,0.00383854122124675,0.0,-3.8962100129103526e-05,0.00011448710420837894,0.0,-1.1307531545300165e-05,0.00032500480994654494,1.0000000000000001e-20,8.462349182260473e-12,4.938128361779096e-11,0.0,7.30292852e-12,4.13714385e-11
44,0.0001,0.0001,0.0001,0.0001,0.0001,0.0001,1010000.0,2010000.0,101000000.0,125.6296971010918,219.7035499572884,1722.7660080850603,10359.835887734831,174048.53176372199,0.00016259230588454486,0.00043573555994151365,1004.98907,1417.74576,10049.8758,125.6297,10357.1402,174057.325,1.0,-7.32539025e-06,9.1301444e-09,-7.3253945700000015e-06,-0.999998274,0.00185787314,4.47951711e-09,0.00185787314,0.999998274,1.0,-1.6179246e-07,-8.540095300000001e-08,-8.37774154e-08,0.0100082561,-0.999949916,1.62639071e-07,0.999949916,0.0100082561,2.9105423374367072e-05,2.8910893447714906e-05,2.444338508130358e-05,1000000.0,0.000541385338298939,0.0006704314579169247,0.00016594727210770166,0.2700622464946275,0.4963812980372191,0.052556955170978935,0.009103234182488302,0.00013524743051183832,0.024517935337129284,0.0,0.0010926112364867749,-0.005678470019583269,0.0,-1.1581037274282559e-06,1.0148033354187024e-05,0.0,-1.5147643801172547e-05,7.985541045161971e-05,1.0000000000000001e-20,8.696105486069835e-12,5.0727581276480843e-11,0.0,8.55326008e-12,4.93302766e-11
45,0.0001,0.0001,0.0001,0.0001,0.0001,0.0001,1010000.0,2010000.0,101000000.0,105.56184070984965,1919.528043633249,621.1917940118278,43339.29110182232,1855.9862861234105,5.435821033781283e-06,0.0005178662115417961,1004.98907,1417.74576,10049.8758,105.5618,1826.44216,43387.4788,1.0,-2.11134161e-06,2.16138386e-06,-2.19535547e-06,-0.0162248069,0.999868369,2.07599566e-06,0.999868369,0.0162248069,1.0,-3.91061473e-07,1.2177782e-08,3.91213704e-07,0.998990149,-0.0449297447,5.40480787e-09,0.0449297447,0.998990149,0.00015686346483229888,0.00015080135288492402,8.589950564952769e-05,1000000.0,0.03556871765220036,0.0003233397464123291,0.33336831314039395,0.0005430046416455964,0.006291309899813304,0.11534282714182426,0.5171750465986168,0.015712721283769243,0.031446408614218865,0.0,-1.5341229341313882e-06,-1.0966278244993657e-05,0.0,4.266453057642297e-06,3.479655412304836e-05,0.0,2.978429598970917e-07,1.473277110893055e-06,1.0000000000000001e-20,8.454060357391935e-12,5.01603529380941e-11,0.0,7.85747445e-12,4.57209854e-11
46,0.0001,0.0001,0.0001,0.0001,0.0001,0.0001,1010000.0,2010000.0,101000000.0,131.9232228888323,259.0515184676829,360.0770603132885,12234.41707643054,458511.0560151665,0.0001369213089370731,0.0006025962534664985,1004.98907,1417.74576,10049.8758,131.9232,12234.2107,458511.32,1.0,-8.57648845e-06,4.83064204e-09,-8.576489810000001e-06,-0.999999828,0.000586355728,1.98231925e-10,0.000586355728,0.999999828,1.0,-5.19181253e-08,-9.13805749e-08,-9.13389611e-08,0.0008009633440000001,-0.9999996790000001,5.19913011e-08,0.9999996790000001,0.0008009633440000001,3.90951543365847e-06,3.846148680041892e-06,3.1492097146440624e-06,1000000.0,0.0152266000182398,0.00029792608717775704,0.012821420464314849,0.00012868494467540358,0.21830043556714315,0.2425809506095801,0.0003842661877393665,0.5713248118824931,0.3906812968465576,0.0,7.355159978176488e-05,0.00011910387590071951,0.0,-3.419476632975741e-05,2.242570616511917e-05,0.0,1.864020762062156e-05,7.575268307556354e-06,1e-20,8.442203995661184e-12,4.923981779000696e-11,0.0,1.0069675099999999e-11,5.7723959e-11
47,0.0001,0.0001,0.0001,0.0001,0.0001,0.0001,1010000.0,2010000.0,101000000.0,197.40456614037743,1504.9724412807968,498.66139880844213,128637.49994051884,28811.89946888624,0.00010451677080971124,0.0005984415954454541,1004.98907,1417.74576,10049.8758,197.4046,28803.455,128649.161,1.0,-8.10097733e-07,3.79887957e-08,-4.35278811e-08,-0.00683864859,0.999976616,8.098189969999999e-07,0.999976616,0.00683864859,1.0,-6.314190329999999e-07,6.144016679999999e-09,6.314450570000001e-07,0.9999124859999999,-0.0132295559,2.20991442e-09,0.0132295559,0.9999124859999999,5.3291389650923684e-05,5.3746244027519874e-05,5.4841455692945704e-05,1000000.0,0.00391388860523572,0.2973816214525796,0.015891229007316654,0.549058962399028,0.7940321494324684,0.0035324640584282,0.06563877171925712,0.0005314084884679699,0.0003190824994701998,0.0,-6.776688590020097e-06,4.1887386477031686e-05,0.0,2.633942319958129e-06,-1.4797353112914953e-05,0.0,-1.98399888959214e-05,0.00012088530363082356,1e-20,8.649516762595894e-12,5.0470200040657705e-11,0.0,6.98141544e-12,5.66719481e-11
48,0.0001,0.0001,0.0001,0.0001,0.0001,0.0001,1010000.0,2010000.0,101000000.0,118.41691693653671,1306.801459537818,1218.7264274430393,7620.002887697621,3099.666273561632,9.197933470138296e-06,0.00019880238251397206,1004.98907,1417.74576,10049.8758,118.4169,2771.01303,7949.01778,1.0,-4.86785978e-06,2.03550095e-06,-3.17925523e-06,-0.248026235,0.9687533159999999,4.21089766e-06,0.9687533159999999,0.248026235,1.0,-4.3871216499999995e-07,-4.10415586e-10,4.2399047100000004e-07,0.966682853,-0.255977071,1.1269699699999998e-07,0.255977071,0.966682853,0.00011106675341772019,0.0001047171223596073,4.301540122250681e-05,1000000.0,0.00023283895617430756,0.1065481208205368,0.07570736611101071,0.2836539705124666,0.6188995935880279,0.010531226785593862,0.11162037328728124,0.00034919744056774514,0.24528856008121835,0.0,-6.347413752733077e-07,2.6720904675866246e-06,0.0,1.86858704566767e-07,4.6431915588818346e-08,0.0,-4.203681813228797e-08,1.2493389145801076e-06,1e-20,8.98059836491131e-12,5.03055190567987e-11,0.0,8.2482729e-12,4.4844257299999996e-11
49,0.0001,0.0001,0.0001,0.0001,0.0001,0.0001,1010000.0,2010000.0,101000000.0,182.8001876891521,209.0217403832985,1540.9727465626595,99303.82271170543,34599.607202187544,9.012490025772048e-06,0.0004797467296656553,1004.98907,1417.74576,10049.8758,182.8002,34591.0917,99318.9626,1.0,-8.411928140000001e-07,4.84265469e-09,-2.03972261e-08,-0.0184920737,0.999829007,8.409594250000001e-07,0.999829007,0.0184920737,1.0,-4.52602808e-08,-1.4532153300000002e-09,4.52462084e-08,0.99996348,-0.00854624811,1.83996785e-09,0.00854624811,0.99996348,1.1338331460009698e-05,1.1354152724642422e-05,1.0792021402011552e-05,1000000.0,0.2711741620928632,0.99475659606757,0.00012537011727421521,0.005225061416199737,0.06268233336022963,0.006889278244152075,0.00020128832409493228,0.00574436970664144,0.00038753026480384283,0.0,3.197844664042212e-06,-8.70885074968143e-06,0.0,-0.00011165983875493689,0.0008643237427285202,0.0,0.0007707281217284579,-0.007763091477293127,1e-20,8.56351752586249e-12,5.063432526036311e-11,0.0,6.92448047e-12,6.30239385e-11
50,0.0001,0.0001,0.0001,0.0001,0.0001,0.0001,1010000.0,2010000.0,101000000.0,165.0993515370771,1545.7187484010374,1160.3506678198892,11218.865229712002,4536.209038178487,2.4156098133601424e-06,0.0002629147123115572,1004.98907,1417.74576,10049.8758,165.0994,4275.01103,11484.7803,1.0,-4.229989190000001e-06,1.4404550800000001e-06,-2.1750649e-06,-0.17917804199999998,0.983816664,3.90343594e-06,0.983816664,0.17917804199999998,1.0,-2.5253633999999998e-08,-5.87700594e-08,1.27858916e-08,0.979141123,-0.20318134899999998,6.26752494e-08,0.20318134899999998,0.979141123,0.00010703537606647159,0.00010264895132117602,4.4679531036308395e-05,1000000.0,0.00017919758460010942,0.023874818755646246,0.2511386398196391,0.1143580356862752,0.3791419445523335,0.002619443075650412,0.9361374274696512,0.00011656150825826799,0.8621819751291282,0.0,-3.146253314590116e-07,1.3503067672590971e-06,0.0,1.4850905357056513e-07,7.763571138074606e-07,0.0,6.866883594295156e-08,-3.6211311646758197e-08,1e-20,8.906535041905768e-12,4.923680234251384e-11,0.0,9.13233906e-12,5.0484661200000005e-11
51,0.0001,0.0001,0.0001,0.0001,0.0001,0.0001,1010000.0,2010000.0,101000000.0,109.92557421780884,1253.7215380090377,494.1829219870078,403782.2335627232,651091.2755655127,2.0453885219583588e-05,0.00018572171851050323,1004.98907,1417.74576,10049.8758,109.9256,403779.248,651094.525,1.0,-8.0080327e-08,1.53276873e-10,-8.00803167e-08,-0.999992419,0.00389379228,1.58540447e-10,0.00389379228,0.999992419,1.0,-5.46941669e-09,-4.81881064e-12,1.25398749e-11,0.0031737683,-0.999994964,5.46940444e-09,0.999994964,0.0031737683,7.230224252363027e-07,7.230037798084836e-07,7.214141963080759e-07,1000000.0,0.750175191715334,0.8007987457706784,0.532831284810962,0.33653327752087303,0.5185554113069699,0.53834422460628,0.006976169563147945,0.0005225043691807866,0.029233321512902612,0.0,1.8070540104429075e-05,-6.873132490024115e-05,0.0,-1.4900668709052768e-05,0.0001946705598406632,0.0,-0.0003035504195223308,-0.0006252823762596286,1.0000000000000001e-20,8.469628151162799e-12,4.937358456714777e-11,0.0,8.84857693e-12,5.1871824e-11
52,0.0001,0.0001,0.0001,0.0001,0.0001,0.0001,1010000.0,2010000.0,101000000.0,167.52698974003758,1078.8328778932387,1284.5662814371722,13638.947783884973,161150.96455373694,4.148342599631901e-06,0.00032890266828798626,1004.98907,1417.74576,10049.8758,167.527,13629.5447,161160.526,1.0,-4.20179512e-06,2.81249127e-08,-4.20188813e-06,-0.99997246,0.00742159942,3.05990211e-09,0.00742159942,0.99997246,1.0,-4.04369861e-09,-5.12907266e-08,-5.12540603e-08,0.00859859096,-0.999963031,4.4845771e-09,0.999963031,0.00859859096,1.46638492609998e-05,1.4564261795161109e-05,1.2310010445304705e-05,1000000.0,0.0008019841078195872,0.27986777933755486,0.0004532256587271102,0.010314588617304674,0.00027012221556895323,0.00026011201205730866,0.05850961370715817,0.05808548077441937,0.46025092425255804,0.0,1.1708399082462983e-06,7.846640405311875e-06,0.0,4.019594814573497e-05,1.9142739111014966e-05,0.0,-1.0478424251401168e-06,5.830735557623678e-06,1.0000000000000001e-20,8.898919174337065e-12,4.9792611402918654e-11,0.0,9.50027473e-12,5.33566608e-11
53,0.0001,0.0001,0.0001,0.0001,0.0001,0.0001,1010000.0,2010000.0,101000000.0,104.98573645782267,1144.9016420787896,907.7800085386548,17551.746264556932,34852.529825918406,2.8965861265401214e-06,0.00030602969758417313,1004.98907,1417.74576,10049.8758,104.9857,17491.345,34913.4715,1.0,-3.04092335e-06,9.9852693e-08,-3.04132801e-06,-0.998121145,0.0612713682,8.665645e-08,0.0612713682,0.998121145,1.0,-1.37185239e-08,-1.72944066e-08,-1.6487944e-08,0.0567544293,-0.998388168,1.46779461e-08,0.998388168,0.0567544293,2.6218371536918092e-05,2.6027362637120175e-05,2.0279366659783698e-05,1000000.0,0.01998406918788377,0.014850850539023413,0.7705174697139933,0.03517662188265112,0.00014245809524088293,0.0011385111389168652,0.027231238942056462,0.00028297022727597577,0.0032065684351806063,0.0,-4.502839958221267e-06,-2.7328676279753057e-05,0.0,-0.0010843660761561146,-0.007491197544088262,0.0,0.0018114607721700596,0.012459196391878851,1.0000000000000001e-20,8.74245508592799e-12,4.954068245564124e-11,0.0,9.14550008e-12,5.12220074e-11
54,0.0001,0.0001,0.0001,0.0001,0.0001,0.0001,1010000.0,2010000.0,101000000.0,140.82984104131896,420.0823398751629,473.3559988709402,15952.769899288216,43344.85896308854,1.0635432235011886e-06,0.0007258096585669761,1004.98907,1417.74576,10049.8758,140.8298,15945.4987,43352.1553,1.0,-7.92418679e-06,7.6787688e-08,-7.92440832e-06,-0.999874338,0.0158526772,4.88415365e-08,0.0158526772,0.999874338,1.0,-3.2594587e-09,-6.98682674e-08,-6.98038653e-08,0.0167509695,-0.999859693,4.42936259e-09,0.999859693,0.0167509695,2.5767500784747383e-05,2.5549178035849174e-05,1.979772618426463e-05,1000000.0,0.6635421032919677,0.002461204559478242,0.47400253359493805,0.00015341517526857817,0.0659077232545291,0.0001377641669361493,0.095491352366405,0.001986163375920779,0.00016620462655773116,0.0,-4.943804240043492e-07,2.6808510191436355e-06,0.0,2.4176086001367855e-06,2.2966994455357254e-05,0.0,6.856356484972303e-06,-2.0447069434641175e-05,1.0000000000000001e-20,8.664559269822352e-12,5.072405960365525e-11,0.0,9.27823605e-12,5.32360215e-11
55,0.0001,0.0001,0.0001,0.0001,0.0001,0.0001,1010000.0,2010000.0,101000000.0,152.66972902021095,260.75617757108677,386.9608938657834,6983.949719583778,27803.542272269962,2.0172267391640737e-06,0.00025385080103015054,1004.98907,1417.74576,10049.8758,152.6697,6979.02791,27808.691,1.0,-6.3346026e-06,5.93522112e-08,-6.33482023e-06,-0.999905655,0.0137360942,2.76660866e-08,0.0137360942,0.999905655,1.0,-1.0384006e-08,-1.38087212e-07,-1.37886092e-07,0.0173635137,-0.999849243,1.27801197e-08,0.999849243,0.0173635137,1.1434624934481076e-05,1.1113011001431767e-05,5.831145720562562e-06,1000000.0,0.0003285053301022861,0.0002625488157919603,0.42440995418919897,0.0007745819493963143,0.001947815506845825,0.013569020436349718,0.6687446555746049,0.0009944928899540014,0.08680005052828794,0.0,-8.211254504375689e-06,-4.105807502315811e-05,0.0,0.00022475044513323823,0.001569017405528317,0.0,8.489054187780026e-07,-1.5446410465796766e-06,1.0000000000000001e-20,9.01269832341594e-12,5.0348167054911055e-11,0.0,1.07515505e-11,6.06976324e-11
